# Generated by go run ./cmd/zones; edit the hub table there, not this file.
origin,destination,weight
876014512ffffff,87618925cffffff,0.1478
876014512ffffff,87618924affffff,0.1408
876014512ffffff,8761892e9ffffff,0.1280
876014512ffffff,87618925dffffff,0.1163
876014512ffffff,8760145b5ffffff,0.0937
876014512ffffff,87618924effffff,0.0873
876014512ffffff,8761892ecffffff,0.0797
876014512ffffff,8760145b1ffffff,0.0787
876014512ffffff,8760145b0ffffff,0.0750
876014512ffffff,87618924bffffff,0.0730
876014512ffffff,876189260ffffff,0.0677
876014512ffffff,876189255ffffff,0.0647
876014516ffffff,87618924affffff,0.1826
876014516ffffff,87618925cffffff,0.1740
876014516ffffff,87618925dffffff,0.1421
876014516ffffff,8761892e9ffffff,0.1295
876014516ffffff,87618924effffff,0.1173
876014516ffffff,87618924bffffff,0.1062
876014516ffffff,8760145b5ffffff,0.0881
876014516ffffff,8761892ecffffff,0.0845
876014516ffffff,876189260ffffff,0.0837
876014516ffffff,876189255ffffff,0.0757
876014516ffffff,876189248ffffff,0.0730
876014516ffffff,8760145a4ffffff,0.0708
876014584ffffff,8761892e9ffffff,0.2160
876014584ffffff,8760145b5ffffff,0.1946
876014584ffffff,8760145b0ffffff,0.1826
876014584ffffff,87618925cffffff,0.1469
876014584ffffff,8760145a5ffffff,0.1115
876014584ffffff,8761892ecffffff,0.1102
876014584ffffff,8760145b4ffffff,0.1067
876014584ffffff,87618925dffffff,0.1007
876014584ffffff,8760145a2ffffff,0.0987
876014584ffffff,87618924affffff,0.0965
876014584ffffff,8760145b6ffffff,0.0924
876014584ffffff,8761892c8ffffff,0.0913
876014586ffffff,8761892e9ffffff,0.2270
876014586ffffff,8760145b0ffffff,0.2085
876014586ffffff,8760145b5ffffff,0.1695
876014586ffffff,87618925cffffff,0.1294
876014586ffffff,8761892c8ffffff,0.1168
876014586ffffff,8761892ecffffff,0.1131
876014586ffffff,8761892ceffffff,0.1097
876014586ffffff,8760145b6ffffff,0.1067
876014586ffffff,8760145b4ffffff,0.1064
876014586ffffff,8760145b3ffffff,0.1062
876014586ffffff,87618925dffffff,0.0836
876014586ffffff,8760145a5ffffff,0.0784
8760145a0ffffff,8761892e9ffffff,0.2109
8760145a0ffffff,87618925cffffff,0.2095
8760145a0ffffff,8760145b5ffffff,0.1887
8760145a0ffffff,87618924affffff,0.1815
8760145a0ffffff,87618925dffffff,0.1637
8760145a0ffffff,8760145b1ffffff,0.1465
8760145a0ffffff,8760145b0ffffff,0.1344
8760145a0ffffff,8761892ecffffff,0.1174
8760145a0ffffff,8760145a4ffffff,0.1058
8760145a0ffffff,8760145b4ffffff,0.1038
8760145a0ffffff,87618924effffff,0.1008
8760145a0ffffff,8760145a6ffffff,0.0991
8760145a1ffffff,87618925cffffff,0.1583
8760145a1ffffff,8761892e9ffffff,0.1568
8760145a1ffffff,87618924affffff,0.1404
8760145a1ffffff,8760145b5ffffff,0.1278
8760145a1ffffff,87618925dffffff,0.1222
8760145a1ffffff,8760145b1ffffff,0.1120
8760145a1ffffff,8760145b0ffffff,0.1003
8760145a1ffffff,8761892ecffffff,0.0913
8760145a1ffffff,87618924effffff,0.0827
8760145a1ffffff,8760145b4ffffff,0.0738
8760145a1ffffff,8760145a4ffffff,0.0730
8760145a1ffffff,876189258ffffff,0.0698
8760145a2ffffff,8761892e9ffffff,0.2639
8760145a2ffffff,8760145b1ffffff,0.2467
8760145a2ffffff,8760145b0ffffff,0.2022
8760145a2ffffff,87618925cffffff,0.1984
8760145a2ffffff,8760145a5ffffff,0.1465
8760145a2ffffff,87618925dffffff,0.1411
8760145a2ffffff,8760145b4ffffff,0.1384
8760145a2ffffff,87618924affffff,0.1359
8760145a2ffffff,8761892ecffffff,0.1329
8760145a2ffffff,87618925affffff,0.1067
8760145a2ffffff,8760145b6ffffff,0.1038
8760145a2ffffff,876189258ffffff,0.0982
8760145a4ffffff,87618925cffffff,0.2814
8760145a4ffffff,8760145a5ffffff,0.2528
8760145a4ffffff,87618925dffffff,0.2431
8760145a4ffffff,8761892e9ffffff,0.2173
8760145a4ffffff,8760145b5ffffff,0.1640
8760145a4ffffff,87618924effffff,0.1512
8760145a4ffffff,8761892ecffffff,0.1302
8760145a4ffffff,876189258ffffff,0.1278
8760145a4ffffff,876189259ffffff,0.1239
8760145a4ffffff,8760145b0ffffff,0.1163
8760145a4ffffff,8760145b1ffffff,0.1115
8760145a4ffffff,876189255ffffff,0.1055
8760145a5ffffff,87618924affffff,0.2084
8760145a5ffffff,87618925cffffff,0.1993
8760145a5ffffff,8761892e9ffffff,0.1648
8760145a5ffffff,87618925dffffff,0.1642
8760145a5ffffff,8760145b5ffffff,0.1254
8760145a5ffffff,87618924effffff,0.1169
8760145a5ffffff,8760145a4ffffff,0.1062
8760145a5ffffff,87618924bffffff,0.1058
8760145a5ffffff,8761892ecffffff,0.1004
8760145a5ffffff,8760145b1ffffff,0.0969
8760145a5ffffff,8760145b0ffffff,0.0944
8760145a5ffffff,876189258ffffff,0.0853
8760145a6ffffff,8761892e9ffffff,0.2966
8760145a6ffffff,87618925cffffff,0.2806
8760145a6ffffff,87618925dffffff,0.2117
8760145a6ffffff,87618924affffff,0.2011
8760145a6ffffff,8760145b0ffffff,0.1758
8760145a6ffffff,8760145a5ffffff,0.1685
8760145a6ffffff,8760145b1ffffff,0.1676
8760145a6ffffff,8761892ecffffff,0.1566
8760145a6ffffff,8760145b4ffffff,0.1533
8760145a6ffffff,876189258ffffff,0.1459
8760145a6ffffff,87618925affffff,0.1384
8760145a6ffffff,876189259ffffff,0.1234
8760145b0ffffff,8761892e9ffffff,0.4515
8760145b0ffffff,8760145b5ffffff,0.2762
8760145b0ffffff,8760145b1ffffff,0.2528
8760145b0ffffff,8760145b6ffffff,0.2300
8760145b0ffffff,8760145b4ffffff,0.2292
8760145b0ffffff,87618925cffffff,0.1930
8760145b0ffffff,8761892ecffffff,0.1885
8760145b0ffffff,8761892c8ffffff,0.1612
8760145b0ffffff,8761892ceffffff,0.1521
8760145b0ffffff,8761892ebffffff,0.1384
8760145b0ffffff,87618925affffff,0.1376
8760145b0ffffff,87618925dffffff,0.1162
8760145b1ffffff,8761892e9ffffff,0.3049
8760145b1ffffff,8760145b0ffffff,0.3033
8760145b1ffffff,8760145b5ffffff,0.2821
8760145b1ffffff,87618925cffffff,0.1727
8760145b1ffffff,8760145b4ffffff,0.1581
8760145b1ffffff,8761892ecffffff,0.1424
8760145b1ffffff,8760145b6ffffff,0.1384
8760145b1ffffff,8761892c8ffffff,0.1204
8760145b1ffffff,8761892ceffffff,0.1153
8760145b1ffffff,87618925dffffff,0.1126
8760145b1ffffff,87618925affffff,0.1064
8760145b1ffffff,8760145b3ffffff,0.1036
8760145b2ffffff,8761892e9ffffff,0.3933
8760145b2ffffff,8761892c8ffffff,0.2425
8760145b2ffffff,8760145b6ffffff,0.2292
8760145b2ffffff,8761892ceffffff,0.2076
8760145b2ffffff,8761892ecffffff,0.1785
8760145b2ffffff,8760145b1ffffff,0.1685
8760145b2ffffff,8760145b5ffffff,0.1640
8760145b2ffffff,8761892ebffffff,0.1580
8760145b2ffffff,8760145b4ffffff,0.1525
8760145b2ffffff,87618925cffffff,0.1508
8760145b2ffffff,8761892cdffffff,0.1274
8760145b2ffffff,8761892c9ffffff,0.1243
8760145b3ffffff,8761892e9ffffff,0.3040
8760145b3ffffff,8760145b1ffffff,0.2466
8760145b3ffffff,8760145b5ffffff,0.1878
8760145b3ffffff,8761892c8ffffff,0.1643
8760145b3ffffff,8760145b6ffffff,0.1581
8760145b3ffffff,8761892ceffffff,0.1476
8760145b3ffffff,87618925cffffff,0.1434
8760145b3ffffff,8761892ecffffff,0.1421
8760145b3ffffff,8760145b4ffffff,0.1377
8760145b3ffffff,8761892ebffffff,0.1067
8760145b3ffffff,87618925affffff,0.0917
8760145b3ffffff,876014586ffffff,0.0885
8760145b4ffffff,8760145b0ffffff,0.3022
8760145b4ffffff,8760145b5ffffff,0.2831
8760145b4ffffff,87618925cffffff,0.2718
8760145b4ffffff,8761892ecffffff,0.2532
8760145b4ffffff,8760145b1ffffff,0.1737
8760145b4ffffff,87618925dffffff,0.1561
8760145b4ffffff,8761892ceffffff,0.1431
8760145b4ffffff,876189258ffffff,0.1408
8760145b4ffffff,8761892c8ffffff,0.1395
8760145b4ffffff,87618925effffff,0.1270
8760145b4ffffff,87618924affffff,0.1163
8760145b4ffffff,876189255ffffff,0.1151
8760145b5ffffff,8761892e9ffffff,0.3955
8760145b5ffffff,8760145b0ffffff,0.2960
8760145b5ffffff,8760145b1ffffff,0.2519
8760145b5ffffff,87618925cffffff,0.2419
8760145b5ffffff,8760145b4ffffff,0.2300
8760145b5ffffff,8761892ecffffff,0.1793
8760145b5ffffff,87618925dffffff,0.1586
8760145b5ffffff,87618925affffff,0.1580
8760145b5ffffff,8760145b6ffffff,0.1533
8760145b5ffffff,87618924affffff,0.1338
8760145b5ffffff,876189258ffffff,0.1271
8760145b5ffffff,8761892ceffffff,0.1137
8760145b6ffffff,8760145b0ffffff,0.3033
8760145b6ffffff,8761892ecffffff,0.2525
8760145b6ffffff,8761892c8ffffff,0.2109
8760145b6ffffff,8761892ceffffff,0.2037
8760145b6ffffff,87618925cffffff,0.1992
8760145b6ffffff,8760145b5ffffff,0.1887
8760145b6ffffff,8760145b1ffffff,0.1521
8760145b6ffffff,8761892cdffffff,0.1243
8760145b6ffffff,87618925dffffff,0.1097
8760145b6ffffff,8761892ccffffff,0.1073
8760145b6ffffff,8760145b2ffffff,0.1058
8760145b6ffffff,87618920bffffff,0.1057
876016900ffffff,8761892ceffffff,0.0556
876016900ffffff,8761892e9ffffff,0.0464
876016900ffffff,876189219ffffff,0.0455
876016900ffffff,8761892ecffffff,0.0393
876016900ffffff,8761892c8ffffff,0.0382
876016900ffffff,87618920bffffff,0.0334
876016900ffffff,876016966ffffff,0.0321
876016900ffffff,87618925cffffff,0.0301
876016900ffffff,8761892e2ffffff,0.0250
876016900ffffff,876189254ffffff,0.0241
876016900ffffff,8761892ddffffff,0.0241
876016900ffffff,8761892c3ffffff,0.0223
876016901ffffff,8761892ceffffff,0.0638
876016901ffffff,8761892e9ffffff,0.0512
876016901ffffff,876189219ffffff,0.0465
876016901ffffff,8761892c8ffffff,0.0440
876016901ffffff,8761892ecffffff,0.0424
876016901ffffff,876016966ffffff,0.0398
876016901ffffff,87618920bffffff,0.0347
876016901ffffff,87618925cffffff,0.0324
876016901ffffff,8761892ddffffff,0.0283
876016901ffffff,8761892e2ffffff,0.0264
876016901ffffff,8761892c3ffffff,0.0254
876016901ffffff,876189254ffffff,0.0253
876016902ffffff,8761892ceffffff,0.0458
876016902ffffff,8761892e9ffffff,0.0398
876016902ffffff,876189219ffffff,0.0391
876016902ffffff,8761892ecffffff,0.0337
876016902ffffff,8761892c8ffffff,0.0320
876016902ffffff,87618920bffffff,0.0289
876016902ffffff,87618925cffffff,0.0265
876016902ffffff,876016966ffffff,0.0264
876016902ffffff,876189254ffffff,0.0211
876016902ffffff,8761892e2ffffff,0.0210
876016902ffffff,8761892ddffffff,0.0195
876016902ffffff,8761892c3ffffff,0.0181
876016903ffffff,8761892ceffffff,0.0517
876016903ffffff,8761892e9ffffff,0.0436
876016903ffffff,876189219ffffff,0.0401
876016903ffffff,8761892c8ffffff,0.0362
876016903ffffff,8761892ecffffff,0.0361
876016903ffffff,876016966ffffff,0.0317
876016903ffffff,87618920bffffff,0.0301
876016903ffffff,87618925cffffff,0.0283
876016903ffffff,8761892ddffffff,0.0223
876016903ffffff,876189254ffffff,0.0222
876016903ffffff,8761892e2ffffff,0.0221
876016903ffffff,8761892c3ffffff,0.0202
876016904ffffff,8761892ceffffff,0.0586
876016904ffffff,876189219ffffff,0.0516
876016904ffffff,8761892e9ffffff,0.0489
876016904ffffff,8761892ecffffff,0.0425
876016904ffffff,8761892c8ffffff,0.0395
876016904ffffff,87618920bffffff,0.0370
876016904ffffff,87618925cffffff,0.0319
876016904ffffff,876016966ffffff,0.0313
876016904ffffff,8761892e2ffffff,0.0283
876016904ffffff,876189254ffffff,0.0262
876016904ffffff,8761892ddffffff,0.0253
876016904ffffff,8761892c3ffffff,0.0241
876016905ffffff,8761892ceffffff,0.0689
876016905ffffff,8761892e9ffffff,0.0547
876016905ffffff,876189219ffffff,0.0535
876016905ffffff,8761892ecffffff,0.0466
876016905ffffff,8761892c8ffffff,0.0463
876016905ffffff,876016966ffffff,0.0393
876016905ffffff,87618920bffffff,0.0389
876016905ffffff,87618925cffffff,0.0346
876016905ffffff,8761892ddffffff,0.0306
876016905ffffff,8761892e2ffffff,0.0304
876016905ffffff,8761892c3ffffff,0.0283
876016905ffffff,876189254ffffff,0.0278
876016906ffffff,8761892ceffffff,0.0483
876016906ffffff,876189219ffffff,0.0438
876016906ffffff,8761892e9ffffff,0.0419
876016906ffffff,8761892ecffffff,0.0362
876016906ffffff,8761892c8ffffff,0.0332
876016906ffffff,87618920bffffff,0.0318
876016906ffffff,87618925cffffff,0.0280
876016906ffffff,876016966ffffff,0.0263
876016906ffffff,8761892e2ffffff,0.0234
876016906ffffff,876189254ffffff,0.0228
876016906ffffff,8761892ddffffff,0.0205
876016906ffffff,8761892c3ffffff,0.0195
876016960ffffff,8761892ceffffff,0.1835
876016960ffffff,8761892c8ffffff,0.1632
876016960ffffff,8761892e9ffffff,0.1285
876016960ffffff,8761892caffffff,0.0964
876016960ffffff,8761892cbffffff,0.0845
876016960ffffff,8761892ecffffff,0.0837
876016960ffffff,8761892ddffffff,0.0745
876016960ffffff,8760145b0ffffff,0.0694
876016960ffffff,87618925cffffff,0.0653
876016960ffffff,876189219ffffff,0.0583
876016960ffffff,8761892ebffffff,0.0572
876016960ffffff,8760145b6ffffff,0.0565
876016962ffffff,8761892ceffffff,0.1464
876016962ffffff,8761892c8ffffff,0.1196
876016962ffffff,8761892e9ffffff,0.1025
876016962ffffff,8761892caffffff,0.0722
876016962ffffff,8761892ecffffff,0.0703
876016962ffffff,8761892ddffffff,0.0642
876016962ffffff,8761892cbffffff,0.0562
876016962ffffff,87618925cffffff,0.0549
876016962ffffff,876189219ffffff,0.0534
876016962ffffff,8760145b0ffffff,0.0532
876016962ffffff,876016900ffffff,0.0500
876016962ffffff,8761892c3ffffff,0.0458
876016964ffffff,8761892ceffffff,0.2753
876016964ffffff,8761892c8ffffff,0.2414
876016964ffffff,8761892e9ffffff,0.1615
876016964ffffff,8761892caffffff,0.1604
876016964ffffff,8761892cbffffff,0.1243
876016964ffffff,8761892ddffffff,0.1106
876016964ffffff,8761892ecffffff,0.1053
876016964ffffff,8760145b0ffffff,0.0826
876016964ffffff,87618925cffffff,0.0768
876016964ffffff,8761892ebffffff,0.0755
876016964ffffff,8761892c3ffffff,0.0745
876016964ffffff,8761892c9ffffff,0.0738
876016966ffffff,8761892ceffffff,0.2062
876016966ffffff,8761892c8ffffff,0.1606
876016966ffffff,8761892e9ffffff,0.1242
876016966ffffff,8761892caffffff,0.1068
876016966ffffff,8761892ddffffff,0.0964
876016966ffffff,8761892ecffffff,0.0860
876016966ffffff,8761892cbffffff,0.0738
876016966ffffff,8761892c3ffffff,0.0642
876016966ffffff,876189219ffffff,0.0641
876016966ffffff,87618925cffffff,0.0633
876016966ffffff,8760145b0ffffff,0.0617
876016966ffffff,8761892ebffffff,0.0565
876016975ffffff,8761892ceffffff,0.1511
876016975ffffff,8761892c8ffffff,0.1128
876016975ffffff,8761892e9ffffff,0.0980
876016975ffffff,8761892ddffffff,0.0722
876016975ffffff,8761892caffffff,0.0710
876016975ffffff,8761892ecffffff,0.0707
876016975ffffff,876016900ffffff,0.0629
876016975ffffff,876189219ffffff,0.0574
876016975ffffff,87618925cffffff,0.0530
876016975ffffff,8761892c3ffffff,0.0512
876016975ffffff,8761892cbffffff,0.0488
876016975ffffff,8760145b0ffffff,0.0478
876189208ffffff,876189219ffffff,0.3424
876189208ffffff,876189254ffffff,0.2766
876189208ffffff,876189272ffffff,0.2020
876189208ffffff,87618920affffff,0.2019
876189208ffffff,8761892ecffffff,0.1783
876189208ffffff,876189255ffffff,0.1622
876189208ffffff,87618925cffffff,0.1476
876189208ffffff,87618921dffffff,0.1378
876189208ffffff,8761892e4ffffff,0.1372
876189208ffffff,8761892e9ffffff,0.1321
876189208ffffff,87618920dffffff,0.1035
876189208ffffff,876189260ffffff,0.0998
876189209ffffff,876189254ffffff,0.4597
876189209ffffff,876189272ffffff,0.2958
876189209ffffff,876189219ffffff,0.2618
876189209ffffff,876189255ffffff,0.2432
876189209ffffff,8761892ecffffff,0.2175
876189209ffffff,87618925cffffff,0.1991
876189209ffffff,8761892e9ffffff,0.1589
876189209ffffff,87618920affffff,0.1379
876189209ffffff,876189260ffffff,0.1205
876189209ffffff,8761892e4ffffff,0.1199
876189209ffffff,876189252ffffff,0.1143
876189209ffffff,87618920dffffff,0.1057
87618920affffff,87618920bffffff,0.5253
87618920affffff,876189254ffffff,0.2074
87618920affffff,8761892ecffffff,0.1883
87618920affffff,876189208ffffff,0.1795
87618920affffff,8761892e9ffffff,0.1360
87618920affffff,876189272ffffff,0.1343
87618920affffff,87618925cffffff,0.1303
87618920affffff,876189255ffffff,0.1296
87618920affffff,8761892e5ffffff,0.1263
87618920affffff,876189209ffffff,0.1225
87618920affffff,8761892e2ffffff,0.1132
87618920affffff,876189256ffffff,0.1106
87618920bffffff,876189219ffffff,0.3939
87618920bffffff,876189254ffffff,0.3064
87618920bffffff,8761892ecffffff,0.2523
87618920bffffff,87618920affffff,0.2068
87618920bffffff,8761892e4ffffff,0.2019
87618920bffffff,876189255ffffff,0.1824
87618920bffffff,876189272ffffff,0.1756
87618920bffffff,87618925cffffff,0.1739
87618920bffffff,8761892e9ffffff,0.1710
87618920bffffff,876189252ffffff,0.1312
87618920bffffff,87618921dffffff,0.1244
87618920bffffff,8761892e6ffffff,0.1199
87618920dffffff,87618920bffffff,0.3484
87618920dffffff,876189254ffffff,0.3157
87618920dffffff,876189219ffffff,0.2265
87618920dffffff,876189255ffffff,0.1874
87618920dffffff,876189209ffffff,0.1832
87618920dffffff,876189208ffffff,0.1795
87618920dffffff,87618925cffffff,0.1581
87618920dffffff,8761892ecffffff,0.1552
87618920dffffff,876189260ffffff,0.1299
87618920dffffff,8761892e9ffffff,0.1221
87618920dffffff,87618920affffff,0.1199
87618920dffffff,876189256ffffff,0.1100
876189218ffffff,87618920bffffff,0.2370
876189218ffffff,8761892ecffffff,0.1327
876189218ffffff,8761892e2ffffff,0.1168
876189218ffffff,876189254ffffff,0.1152
876189218ffffff,8761892e9ffffff,0.1050
876189218ffffff,87618925cffffff,0.0884
876189218ffffff,876189208ffffff,0.0814
876189218ffffff,876189255ffffff,0.0787
876189218ffffff,876189272ffffff,0.0749
876189218ffffff,8761892e5ffffff,0.0738
876189218ffffff,8761892ceffffff,0.0732
876189218ffffff,8761892e1ffffff,0.0627
876189219ffffff,87618920bffffff,0.3501
876189219ffffff,8761892ecffffff,0.1791
876189219ffffff,876189254ffffff,0.1520
876189219ffffff,8761892e2ffffff,0.1511
876189219ffffff,8761892e9ffffff,0.1325
876189219ffffff,87618925cffffff,0.1114
876189219ffffff,8761892e5ffffff,0.1106
876189219ffffff,876189208ffffff,0.1065
876189219ffffff,876189255ffffff,0.1013
876189219ffffff,876189272ffffff,0.0943
876189219ffffff,8761892e1ffffff,0.0885
876189219ffffff,8761892ceffffff,0.0855
87618921bffffff,87618920bffffff,0.2327
87618921bffffff,8761892e2ffffff,0.1735
87618921bffffff,8761892ecffffff,0.1564
87618921bffffff,8761892e9ffffff,0.1229
87618921bffffff,876189254ffffff,0.1136
87618921bffffff,87618925cffffff,0.0938
87618921bffffff,8761892ceffffff,0.0924
87618921bffffff,8761892f5ffffff,0.0881
87618921bffffff,8761892e5ffffff,0.0830
87618921bffffff,876189255ffffff,0.0796
87618921bffffff,8761892e1ffffff,0.0766
87618921bffffff,876189208ffffff,0.0705
87618921dffffff,87618920bffffff,0.3160
87618921dffffff,876189254ffffff,0.1474
87618921dffffff,8761892ecffffff,0.1422
87618921dffffff,876189208ffffff,0.1225
87618921dffffff,8761892e9ffffff,0.1093
87618921dffffff,87618925cffffff,0.1013
87618921dffffff,8761892e2ffffff,0.1007
87618921dffffff,876189272ffffff,0.1002
87618921dffffff,876189255ffffff,0.0963
87618921dffffff,8761892e5ffffff,0.0852
87618921dffffff,876189209ffffff,0.0830
87618921dffffff,876189256ffffff,0.0738
876189241ffffff,87618925cffffff,0.3514
876189241ffffff,87618925dffffff,0.2346
876189241ffffff,876189260ffffff,0.2095
876189241ffffff,876189243ffffff,0.2071
876189241ffffff,876189255ffffff,0.1825
876189241ffffff,87618924affffff,0.1815
876189241ffffff,8761892e9ffffff,0.1502
876189241ffffff,876189254ffffff,0.1475
876189241ffffff,876189242ffffff,0.1415
876189241ffffff,8761892ecffffff,0.1252
876189241ffffff,876189263ffffff,0.1100
876189241ffffff,87618920bffffff,0.1023
876189242ffffff,876189255ffffff,0.4043
876189242ffffff,876189254ffffff,0.2767
876189242ffffff,87618925dffffff,0.2431
876189242ffffff,8761892e9ffffff,0.2157
876189242ffffff,8761892ecffffff,0.2092
876189242ffffff,876189260ffffff,0.1725
876189242ffffff,87618920bffffff,0.1685
876189242ffffff,87618924effffff,0.1521
876189242ffffff,876189246ffffff,0.1410
876189242ffffff,87618924affffff,0.1407
876189242ffffff,876189272ffffff,0.1406
876189242ffffff,876189219ffffff,0.1151
876189243ffffff,87618925dffffff,0.3525
876189243ffffff,87618924effffff,0.2527
876189243ffffff,876189255ffffff,0.2433
876189243ffffff,87618924affffff,0.2084
876189243ffffff,8761892e9ffffff,0.2036
876189243ffffff,876189254ffffff,0.1846
876189243ffffff,8761892ecffffff,0.1698
876189243ffffff,876189260ffffff,0.1671
876189243ffffff,87618920bffffff,0.1253
876189243ffffff,87618925affffff,0.1014
876189243ffffff,876189272ffffff,0.0996
876189243ffffff,876189246ffffff,0.0972
876189246ffffff,87618925cffffff,0.3628
876189246ffffff,876189254ffffff,0.3065
876189246ffffff,876189260ffffff,0.2317
876189246ffffff,876189242ffffff,0.2114
876189246ffffff,876189272ffffff,0.1824
876189246ffffff,87618920bffffff,0.1737
876189246ffffff,8761892ecffffff,0.1691
876189246ffffff,87618925dffffff,0.1636
876189246ffffff,8761892e9ffffff,0.1633
876189246ffffff,876189243ffffff,0.1458
876189246ffffff,876189251ffffff,0.1407
876189246ffffff,876189262ffffff,0.1219
876189248ffffff,87618925cffffff,0.2738
876189248ffffff,87618924effffff,0.2528
876189248ffffff,87618925dffffff,0.2359
876189248ffffff,8760145a5ffffff,0.1513
876189248ffffff,8761892e9ffffff,0.1508
876189248ffffff,876189243ffffff,0.1278
876189248ffffff,876189260ffffff,0.1272
876189248ffffff,876189255ffffff,0.1160
876189248ffffff,8761892ecffffff,0.1076
876189248ffffff,876189254ffffff,0.0989
876189248ffffff,876189258ffffff,0.0941
876189248ffffff,87618924cffffff,0.0881
87618924affffff,87618925cffffff,0.3651
87618924affffff,87618925dffffff,0.3539
87618924affffff,87618924effffff,0.2518
87618924affffff,8761892e9ffffff,0.2045
87618924affffff,8760145a5ffffff,0.1737
87618924affffff,876189243ffffff,0.1459
87618924affffff,876189258ffffff,0.1415
87618924affffff,8761892ecffffff,0.1369
87618924affffff,876189255ffffff,0.1328
87618924affffff,8760145b5ffffff,0.1249
87618924affffff,876189259ffffff,0.1208
87618924affffff,876189260ffffff,0.1120
87618924bffffff,8760145a5ffffff,0.2519
87618924bffffff,87618925cffffff,0.2436
87618924bffffff,87618925dffffff,0.2130
87618924bffffff,87618924effffff,0.1737
87618924bffffff,8761892e9ffffff,0.1625
87618924bffffff,8760145b5ffffff,0.1085
87618924bffffff,8761892ecffffff,0.1063
87618924bffffff,876189243ffffff,0.0985
87618924bffffff,876189255ffffff,0.0985
87618924bffffff,876189260ffffff,0.0977
87618924bffffff,876189258ffffff,0.0958
87618924bffffff,876014516ffffff,0.0885
87618924cffffff,87618925cffffff,0.2687
87618924cffffff,87618925dffffff,0.2050
87618924cffffff,87618924affffff,0.2011
87618924cffffff,876189260ffffff,0.1718
87618924cffffff,876189243ffffff,0.1415
87618924cffffff,8761892e9ffffff,0.1336
87618924cffffff,876189255ffffff,0.1297
87618924cffffff,876189254ffffff,0.1097
87618924cffffff,876189248ffffff,0.1058
87618924cffffff,8761892ecffffff,0.1037
87618924cffffff,8760145a5ffffff,0.1008
87618924cffffff,876189242ffffff,0.0958
87618924effffff,87618925cffffff,0.4043
87618924effffff,87618925dffffff,0.3453
87618924effffff,87618924affffff,0.3022
87618924effffff,876189243ffffff,0.2123
87618924effffff,8761892e9ffffff,0.1789
87618924effffff,876189255ffffff,0.1623
87618924effffff,876189260ffffff,0.1495
87618924effffff,8761892ecffffff,0.1350
87618924effffff,876189254ffffff,0.1319
87618924effffff,876189242ffffff,0.1277
87618924effffff,876189258ffffff,0.1230
87618924effffff,8760145a5ffffff,0.1169
876189250ffffff,876189254ffffff,0.4581
876189250ffffff,87618925cffffff,0.3649
876189250ffffff,8761892ecffffff,0.3619
876189250ffffff,87618920bffffff,0.3161
876189250ffffff,8761892e9ffffff,0.2619
876189250ffffff,876189251ffffff,0.2122
876189250ffffff,876189253ffffff,0.1903
876189250ffffff,876189219ffffff,0.1895
876189250ffffff,876189252ffffff,0.1864
876189250ffffff,876189256ffffff,0.1839
876189250ffffff,876189272ffffff,0.1814
876189250ffffff,87618925effffff,0.1458
876189251ffffff,876189255ffffff,0.4028
876189251ffffff,8761892ecffffff,0.3162
876189251ffffff,876189254ffffff,0.3159
876189251ffffff,8761892e9ffffff,0.2944
876189251ffffff,87618925dffffff,0.2129
876189251ffffff,87618920bffffff,0.2109
876189251ffffff,876189253ffffff,0.1864
876189251ffffff,8761892edffffff,0.1525
876189251ffffff,876189250ffffff,0.1415
876189251ffffff,876189219ffffff,0.1409
876189251ffffff,876189272ffffff,0.1402
876189251ffffff,87618925affffff,0.1376
876189252ffffff,87618920bffffff,0.3609
876189252ffffff,876189254ffffff,0.3049
876189252ffffff,8761892e9ffffff,0.3038
876189252ffffff,87618925cffffff,0.2737
876189252ffffff,876189219ffffff,0.2372
876189252ffffff,876189255ffffff,0.2342
876189252ffffff,8761892e5ffffff,0.1839
876189252ffffff,876189256ffffff,0.1832
876189252ffffff,8761892edffffff,0.1580
876189252ffffff,876189251ffffff,0.1414
876189252ffffff,876189250ffffff,0.1381
876189252ffffff,8761892e8ffffff,0.1376
876189253ffffff,87618925cffffff,0.4042
876189253ffffff,8761892e9ffffff,0.3932
876189253ffffff,876189254ffffff,0.2751
876189253ffffff,876189255ffffff,0.2681
876189253ffffff,87618920bffffff,0.2437
876189253ffffff,8761892edffffff,0.2291
876189253ffffff,87618925effffff,0.2122
876189253ffffff,876189251ffffff,0.2071
876189253ffffff,876189219ffffff,0.1694
876189253ffffff,87618925dffffff,0.1597
876189253ffffff,87618925affffff,0.1580
876189253ffffff,8761892e8ffffff,0.1525
876189254ffffff,876189255ffffff,0.4042
876189254ffffff,87618920bffffff,0.3502
876189254ffffff,876189272ffffff,0.3020
876189254ffffff,87618925cffffff,0.2812
876189254ffffff,8761892ecffffff,0.2445
876189254ffffff,876189219ffffff,0.1954
876189254ffffff,8761892e9ffffff,0.1869
876189254ffffff,876189209ffffff,0.1839
876189254ffffff,876189256ffffff,0.1795
876189254ffffff,876189251ffffff,0.1458
876189254ffffff,876189260ffffff,0.1431
876189254ffffff,876189250ffffff,0.1410
876189255ffffff,876189254ffffff,0.4598
876189255ffffff,87618925cffffff,0.4166
876189255ffffff,8761892ecffffff,0.2407
876189255ffffff,87618920bffffff,0.2371
876189255ffffff,876189242ffffff,0.2122
876189255ffffff,876189251ffffff,0.2115
876189255ffffff,8761892e9ffffff,0.2090
876189255ffffff,876189272ffffff,0.2082
876189255ffffff,87618925dffffff,0.1641
876189255ffffff,876189260ffffff,0.1628
876189255ffffff,876189219ffffff,0.1482
876189255ffffff,876189243ffffff,0.1277
876189256ffffff,876189254ffffff,0.4487
876189256ffffff,8761892ecffffff,0.3265
876189256ffffff,876189255ffffff,0.2694
876189256ffffff,876189219ffffff,0.2667
876189256ffffff,87618925cffffff,0.2434
876189256ffffff,8761892e9ffffff,0.2148
876189256ffffff,876189272ffffff,0.2010
876189256ffffff,876189252ffffff,0.1903
876189256ffffff,876189250ffffff,0.1415
876189256ffffff,8761892e4ffffff,0.1379
876189256ffffff,876189253ffffff,0.1312
876189256ffffff,876189251ffffff,0.1277
876189258ffffff,8761892e9ffffff,0.3807
876189258ffffff,87618925dffffff,0.3453
876189258ffffff,8761892ecffffff,0.2463
876189258ffffff,87618925affffff,0.2244
876189258ffffff,87618924affffff,0.2022
876189258ffffff,876189255ffffff,0.1870
876189258ffffff,8760145b5ffffff,0.1694
876189258ffffff,876189254ffffff,0.1587
876189258ffffff,8761892edffffff,0.1533
876189258ffffff,8760145b4ffffff,0.1525
876189258ffffff,87618924effffff,0.1464
876189258ffffff,8760145b0ffffff,0.1359
876189259ffffff,87618925cffffff,0.4167
876189259ffffff,87618924affffff,0.2959
876189259ffffff,8761892e9ffffff,0.2911
876189259ffffff,876189258ffffff,0.2123
876189259ffffff,8760145b5ffffff,0.1877
876189259ffffff,8761892ecffffff,0.1751
876189259ffffff,87618924effffff,0.1676
876189259ffffff,87618925affffff,0.1533
876189259ffffff,8760145a5ffffff,0.1522
876189259ffffff,876189255ffffff,0.1396
876189259ffffff,8760145b0ffffff,0.1338
876189259ffffff,8760145b4ffffff,0.1333
87618925affffff,87618925cffffff,0.4022
87618925affffff,8761892ecffffff,0.3284
87618925affffff,87618925effffff,0.2115
87618925affffff,876189258ffffff,0.2071
87618925affffff,87618925dffffff,0.2050
87618925affffff,8760145b5ffffff,0.1945
87618925affffff,8760145b0ffffff,0.1815
87618925affffff,876189255ffffff,0.1612
87618925affffff,876189254ffffff,0.1503
87618925affffff,87618920bffffff,0.1371
87618925affffff,87618924affffff,0.1344
87618925affffff,876189253ffffff,0.1312
87618925bffffff,8761892e9ffffff,0.4379
87618925bffffff,87618925cffffff,0.3629
87618925bffffff,87618925dffffff,0.2346
87618925bffffff,87618925affffff,0.2300
87618925bffffff,8760145b4ffffff,0.2244
87618925bffffff,8761892ecffffff,0.2192
87618925bffffff,876189258ffffff,0.2115
87618925bffffff,8760145b0ffffff,0.2011
87618925bffffff,87618924affffff,0.1757
87618925bffffff,8760145b1ffffff,0.1513
87618925bffffff,87618925effffff,0.1459
87618925bffffff,8761892edffffff,0.1384
87618925cffffff,87618925dffffff,0.3538
87618925cffffff,8761892e9ffffff,0.2898
87618925cffffff,876189255ffffff,0.2777
87618925cffffff,8761892ecffffff,0.2418
87618925cffffff,876189254ffffff,0.2133
87618925cffffff,87618924affffff,0.1825
87618925cffffff,87618924effffff,0.1684
87618925cffffff,87618925affffff,0.1525
87618925cffffff,87618920bffffff,0.1507
87618925cffffff,8761892edffffff,0.1332
87618925cffffff,876189260ffffff,0.1306
87618925cffffff,876189253ffffff,0.1273
87618925dffffff,87618925cffffff,0.6065
87618925dffffff,87618924affffff,0.3033
87618925dffffff,8761892e9ffffff,0.2519
87618925dffffff,87618924effffff,0.2466
87618925dffffff,876189243ffffff,0.2115
87618925dffffff,876189258ffffff,0.2072
87618925dffffff,876189255ffffff,0.1875
87618925dffffff,8761892ecffffff,0.1805
87618925dffffff,876189254ffffff,0.1510
87618925dffffff,876189242ffffff,0.1458
87618925dffffff,87618925effffff,0.1415
87618925dffffff,87618925affffff,0.1333
87618925effffff,8761892e9ffffff,0.4357
87618925effffff,8761892ecffffff,0.3637
87618925effffff,876189255ffffff,0.2419
87618925effffff,87618925dffffff,0.2358
87618925effffff,87618925affffff,0.2291
87618925effffff,8761892edffffff,0.2244
87618925effffff,876189254ffffff,0.2126
87618925effffff,876189253ffffff,0.1910
87618925effffff,87618920bffffff,0.1726
87618925effffff,8760145b4ffffff,0.1376
87618925effffff,87618924affffff,0.1369
87618925effffff,8761892e8ffffff,0.1332
876189260ffffff,87618925cffffff,0.1507
876189260ffffff,876189255ffffff,0.1253
876189260ffffff,876189254ffffff,0.1252
876189260ffffff,876189272ffffff,0.0943
876189260ffffff,87618920bffffff,0.0923
876189260ffffff,8761892e9ffffff,0.0850
876189260ffffff,87618925dffffff,0.0836
876189260ffffff,8761892ecffffff,0.0814
876189260ffffff,87618924effffff,0.0719
876189260ffffff,876189219ffffff,0.0715
876189260ffffff,876189242ffffff,0.0697
876189260ffffff,876189243ffffff,0.0675
876189261ffffff,87618925cffffff,0.1489
876189261ffffff,876189255ffffff,0.1101
876189261ffffff,876189254ffffff,0.1055
876189261ffffff,87618925dffffff,0.0879
876189261ffffff,8761892e9ffffff,0.0831
876189261ffffff,87618924effffff,0.0803
876189261ffffff,87618920bffffff,0.0788
876189261ffffff,8761892ecffffff,0.0756
876189261ffffff,876189272ffffff,0.0750
876189261ffffff,87618924affffff,0.0716
876189261ffffff,876189243ffffff,0.0697
876189261ffffff,876189242ffffff,0.0658
876189262ffffff,87618925cffffff,0.1928
876189262ffffff,876189255ffffff,0.1783
876189262ffffff,876189254ffffff,0.1762
876189262ffffff,876189272ffffff,0.1343
876189262ffffff,87618920bffffff,0.1205
876189262ffffff,8761892e9ffffff,0.1034
876189262ffffff,8761892ecffffff,0.1031
876189262ffffff,87618925dffffff,0.1006
876189262ffffff,876189242ffffff,0.0951
876189262ffffff,876189246ffffff,0.0938
876189262ffffff,876189219ffffff,0.0886
876189262ffffff,876189243ffffff,0.0846
876189263ffffff,87618925cffffff,0.1991
876189263ffffff,876189255ffffff,0.1550
876189263ffffff,876189254ffffff,0.1431
876189263ffffff,87618925dffffff,0.1125
876189263ffffff,8761892e9ffffff,0.1024
876189263ffffff,87618924effffff,0.1007
876189263ffffff,876189272ffffff,0.1003
876189263ffffff,87618920bffffff,0.0998
876189263ffffff,8761892ecffffff,0.0956
876189263ffffff,876189243ffffff,0.0951
876189263ffffff,876189242ffffff,0.0936
876189263ffffff,87618924affffff,0.0863
876189264ffffff,87618925cffffff,0.1169
876189264ffffff,876189254ffffff,0.1051
876189264ffffff,876189255ffffff,0.0993
876189264ffffff,87618920bffffff,0.0828
876189264ffffff,876189272ffffff,0.0825
876189264ffffff,8761892e9ffffff,0.0712
876189264ffffff,8761892ecffffff,0.0690
876189264ffffff,876189219ffffff,0.0664
876189264ffffff,87618925dffffff,0.0644
876189264ffffff,87618924effffff,0.0539
876189264ffffff,876189242ffffff,0.0527
876189264ffffff,87618924affffff,0.0502
876189265ffffff,87618925cffffff,0.1185
876189265ffffff,876189254ffffff,0.0935
876189265ffffff,876189255ffffff,0.0924
876189265ffffff,87618920bffffff,0.0729
876189265ffffff,8761892e9ffffff,0.0707
876189265ffffff,876189272ffffff,0.0695
876189265ffffff,87618925dffffff,0.0682
876189265ffffff,8761892ecffffff,0.0657
876189265ffffff,87618924effffff,0.0597
876189265ffffff,876189219ffffff,0.0588
876189265ffffff,87618924affffff,0.0552
876189265ffffff,876189243ffffff,0.0527
876189266ffffff,87618925cffffff,0.1432
876189266ffffff,876189254ffffff,0.1425
876189266ffffff,876189255ffffff,0.1327
876189266ffffff,876189272ffffff,0.1162
876189266ffffff,87618920bffffff,0.1068
876189266ffffff,8761892ecffffff,0.0851
876189266ffffff,8761892e9ffffff,0.0845
876189266ffffff,876189219ffffff,0.0820
876189266ffffff,87618925dffffff,0.0754
876189266ffffff,876189242ffffff,0.0675
876189266ffffff,876189246ffffff,0.0634
876189266ffffff,876189273ffffff,0.0624
876189270ffffff,876189254ffffff,0.3049
876189270ffffff,876189255ffffff,0.2418
876189270ffffff,876189260ffffff,0.2328
876189270ffffff,87618920bffffff,0.2014
876189270ffffff,87618925cffffff,0.1982
876189270ffffff,876189273ffffff,0.1409
876189270ffffff,8761892ecffffff,0.1356
876189270ffffff,876189219ffffff,0.1355
876189270ffffff,876189262ffffff,0.1226
876189270ffffff,8761892e9ffffff,0.1196
876189270ffffff,876189266ffffff,0.1066
876189270ffffff,876189209ffffff,0.1066
876189272ffffff,876189254ffffff,0.4580
876189272ffffff,87618920bffffff,0.3044
876189272ffffff,876189255ffffff,0.2776
876189272ffffff,87618925cffffff,0.2092
876189272ffffff,876189219ffffff,0.1838
876189272ffffff,876189209ffffff,0.1795
876189272ffffff,8761892ecffffff,0.1735
876189272ffffff,876189260ffffff,0.1635
876189272ffffff,876189273ffffff,0.1415
876189272ffffff,8761892e9ffffff,0.1401
876189272ffffff,876189208ffffff,0.1225
876189272ffffff,876189256ffffff,0.1219
876189273ffffff,876189254ffffff,0.4487
876189273ffffff,876189272ffffff,0.3031
876189273ffffff,87618925cffffff,0.2804
876189273ffffff,87618920bffffff,0.2327
876189273ffffff,876189260ffffff,0.2014
876189273ffffff,8761892ecffffff,0.1792
876189273ffffff,8761892e9ffffff,0.1552
876189273ffffff,876189219ffffff,0.1461
876189273ffffff,876189242ffffff,0.1458
876189273ffffff,876189251ffffff,0.1270
876189273ffffff,876189209ffffff,0.1226
876189273ffffff,87618925dffffff,0.1221
876189276ffffff,876189254ffffff,0.2750
876189276ffffff,87618920bffffff,0.2317
876189276ffffff,876189255ffffff,0.1869
876189276ffffff,876189260ffffff,0.1738
876189276ffffff,876189219ffffff,0.1609
876189276ffffff,87618925cffffff,0.1578
876189276ffffff,8761892ecffffff,0.1289
876189276ffffff,876189209ffffff,0.1219
876189276ffffff,8761892e9ffffff,0.1088
876189276ffffff,876189208ffffff,0.1065
876189276ffffff,876189273ffffff,0.0972
876189276ffffff,876189262ffffff,0.0830
8761892c1ffffff,8761892e9ffffff,0.2910
8761892c1ffffff,8761892c8ffffff,0.2500
8761892c1ffffff,8761892ecffffff,0.2407
8761892c1ffffff,8761892ebffffff,0.1532
8761892c1ffffff,876189219ffffff,0.1430
8761892c1ffffff,8761892e8ffffff,0.1332
8761892c1ffffff,8761892eeffffff,0.1267
8761892c1ffffff,87618920bffffff,0.1242
8761892c1ffffff,87618925cffffff,0.1233
8761892c1ffffff,8761892e2ffffff,0.1168
8761892c1ffffff,8760145b6ffffff,0.1038
8761892c1ffffff,8760145b0ffffff,0.0973
8761892c3ffffff,8761892c8ffffff,0.2189
8761892c3ffffff,8761892e9ffffff,0.2044
8761892c3ffffff,8761892ecffffff,0.1692
8761892c3ffffff,876189219ffffff,0.1260
8761892c3ffffff,8761892ebffffff,0.1019
8761892c3ffffff,87618920bffffff,0.1014
8761892c3ffffff,8761892e2ffffff,0.1007
8761892c3ffffff,87618925cffffff,0.0956
8761892c3ffffff,8761892e8ffffff,0.0881
8761892c3ffffff,8761892eeffffff,0.0843
8761892c3ffffff,876016966ffffff,0.0807
8761892c3ffffff,8760145b6ffffff,0.0760
8761892c4ffffff,8761892ecffffff,0.2417
8761892c4ffffff,876189219ffffff,0.2356
8761892c4ffffff,8761892ceffffff,0.2127
8761892c4ffffff,8761892e9ffffff,0.2107
8761892c4ffffff,87618920bffffff,0.1725
8761892c4ffffff,8761892eeffffff,0.1273
8761892c4ffffff,8761892c8ffffff,0.1256
8761892c4ffffff,8761892e6ffffff,0.1238
8761892c4ffffff,87618925cffffff,0.1152
8761892c4ffffff,8761892e1ffffff,0.1107
8761892c4ffffff,8761892c1ffffff,0.1106
8761892c4ffffff,876189254ffffff,0.1051
8761892c8ffffff,8761892ceffffff,0.4599
8761892c8ffffff,8761892e9ffffff,0.2898
8761892c8ffffff,8761892ecffffff,0.1737
8761892c8ffffff,8761892ccffffff,0.1604
8761892c8ffffff,8761892caffffff,0.1571
8761892c8ffffff,8761892ebffffff,0.1525
8761892c8ffffff,8760145b0ffffff,0.1344
8761892c8ffffff,8760145b6ffffff,0.1333
8761892c8ffffff,87618925cffffff,0.1146
8761892c8ffffff,8761892c1ffffff,0.1106
8761892c8ffffff,8761892ddffffff,0.1073
8761892c8ffffff,8761892e8ffffff,0.1031
8761892c9ffffff,8761892e9ffffff,0.2945
8761892c9ffffff,8761892ceffffff,0.2768
8761892c9ffffff,8760145b0ffffff,0.1758
8761892c9ffffff,8761892ecffffff,0.1554
8761892c9ffffff,8760145b6ffffff,0.1525
8761892c9ffffff,8761892ebffffff,0.1377
8761892c9ffffff,87618925cffffff,0.1186
8761892c9ffffff,8760145b1ffffff,0.1120
8761892c9ffffff,8761892ccffffff,0.1106
8761892c9ffffff,8760145b5ffffff,0.1085
8761892c9ffffff,8761892caffffff,0.1073
8761892c9ffffff,8760145b2ffffff,0.1036
8761892caffffff,8761892c8ffffff,0.3551
8761892caffffff,8761892e9ffffff,0.2037
8761892caffffff,8761892ecffffff,0.1357
8761892caffffff,876016966ffffff,0.1341
8761892caffffff,8761892cbffffff,0.1274
8761892caffffff,8761892ebffffff,0.1014
8761892caffffff,8760145b0ffffff,0.0944
8761892caffffff,87618925cffffff,0.0905
8761892caffffff,8760145b6ffffff,0.0882
8761892caffffff,876189219ffffff,0.0870
8761892caffffff,8761892c9ffffff,0.0849
8761892caffffff,87618920bffffff,0.0759
8761892cbffffff,8761892ceffffff,0.3161
8761892cbffffff,8761892e9ffffff,0.2158
8761892cbffffff,8761892caffffff,0.1610
8761892cbffffff,8761892ecffffff,0.1290
8761892cbffffff,876016966ffffff,0.1172
8761892cbffffff,8760145b0ffffff,0.1163
8761892cbffffff,8761892ebffffff,0.1031
8761892cbffffff,8760145b6ffffff,0.1015
8761892cbffffff,8761892ddffffff,0.0969
8761892cbffffff,8761892ccffffff,0.0964
8761892cbffffff,87618925cffffff,0.0946
8761892cbffffff,8760145b1ffffff,0.0786
8761892ccffffff,8761892e9ffffff,0.3807
8761892ccffffff,8761892c8ffffff,0.3627
8761892ccffffff,8761892ecffffff,0.2446
8761892ccffffff,8761892ebffffff,0.2244
8761892ccffffff,8760145b6ffffff,0.1533
8761892ccffffff,8761892e8ffffff,0.1525
8761892ccffffff,87618925cffffff,0.1387
8761892ccffffff,8760145b0ffffff,0.1369
8761892ccffffff,8761892cdffffff,0.1274
8761892ccffffff,876189219ffffff,0.1189
8761892ccffffff,8761892eeffffff,0.1143
8761892ccffffff,87618920bffffff,0.1121
8761892cdffffff,8761892e9ffffff,0.4358
8761892cdffffff,8761892ceffffff,0.3065
8761892cdffffff,8761892ebffffff,0.2292
8761892cdffffff,8760145b6ffffff,0.2244
8761892cdffffff,8761892ecffffff,0.2177
8761892cdffffff,8760145b0ffffff,0.2021
8761892cdffffff,8761892ccffffff,0.1610
8761892cdffffff,87618925cffffff,0.1490
8761892cdffffff,8761892e8ffffff,0.1376
8761892cdffffff,8760145b4ffffff,0.1333
8761892cdffffff,8760145b5ffffff,0.1254
8761892cdffffff,8760145b1ffffff,0.1141
8761892ceffffff,8761892c8ffffff,0.3639
8761892ceffffff,8761892e9ffffff,0.2519
8761892ceffffff,8761892ecffffff,0.1793
8761892ceffffff,8761892ebffffff,0.1332
8761892ceffffff,876189219ffffff,0.1099
8761892ceffffff,87618925cffffff,0.1063
8761892ceffffff,8760145b6ffffff,0.1019
8761892ceffffff,8761892e8ffffff,0.1014
8761892ceffffff,8760145b0ffffff,0.1003
8761892ceffffff,87618920bffffff,0.0957
8761892ceffffff,876016966ffffff,0.0906
8761892ceffffff,8761892cbffffff,0.0875
8761892d9ffffff,8761892ceffffff,0.3051
8761892d9ffffff,8761892c8ffffff,0.2109
8761892d9ffffff,8761892ddffffff,0.1604
8761892d9ffffff,8761892caffffff,0.1571
8761892d9ffffff,8761892e9ffffff,0.1503
8761892d9ffffff,8761892ecffffff,0.1067
8761892d9ffffff,8761892c3ffffff,0.0964
8761892d9ffffff,8761892cbffffff,0.0849
8761892d9ffffff,876189219ffffff,0.0783
8761892d9ffffff,87618925cffffff,0.0731
8761892d9ffffff,8761892c1ffffff,0.0722
8761892d9ffffff,8761892ebffffff,0.0713
8761892dbffffff,8761892ceffffff,0.2029
8761892dbffffff,8761892c8ffffff,0.1395
8761892dbffffff,8761892e9ffffff,0.1152
8761892dbffffff,8761892ddffffff,0.1068
8761892dbffffff,8761892caffffff,0.0933
8761892dbffffff,8761892ecffffff,0.0851
8761892dbffffff,8761892c3ffffff,0.0722
8761892dbffffff,876189219ffffff,0.0693
8761892dbffffff,876016900ffffff,0.0637
8761892dbffffff,87618925cffffff,0.0601
8761892dbffffff,8761892cbffffff,0.0564
8761892dbffffff,87618920bffffff,0.0561
8761892ddffffff,8761892c8ffffff,0.2425
8761892ddffffff,8761892e9ffffff,0.1789
8761892ddffffff,8761892ecffffff,0.1341
8761892ddffffff,876016966ffffff,0.1210
8761892ddffffff,876189219ffffff,0.0980
8761892ddffffff,8761892ebffffff,0.0882
8761892ddffffff,87618925cffffff,0.0840
8761892ddffffff,87618920bffffff,0.0806
8761892ddffffff,8761892cbffffff,0.0766
8761892ddffffff,8760145b0ffffff,0.0750
8761892ddffffff,8761892e2ffffff,0.0719
8761892ddffffff,8760145b6ffffff,0.0715
8761892e0ffffff,876189219ffffff,0.4059
8761892e0ffffff,87618920bffffff,0.3484
8761892e0ffffff,8761892ecffffff,0.3283
8761892e0ffffff,8761892e9ffffff,0.2157
8761892e0ffffff,8761892e6ffffff,0.2069
8761892e0ffffff,8761892e4ffffff,0.2061
8761892e0ffffff,8761892e1ffffff,0.1910
8761892e0ffffff,8761892e5ffffff,0.1795
8761892e0ffffff,876189254ffffff,0.1762
8761892e0ffffff,87618925cffffff,0.1520
8761892e0ffffff,8761892eeffffff,0.1312
8761892e0ffffff,8761892ceffffff,0.1309
8761892e1ffffff,87618920bffffff,0.3144
8761892e1ffffff,8761892e9ffffff,0.3047
8761892e1ffffff,876189219ffffff,0.2740
8761892e1ffffff,876189254ffffff,0.2028
8761892e1ffffff,87618925cffffff,0.2005
8761892e1ffffff,8761892e5ffffff,0.1833
8761892e1ffffff,8761892e2ffffff,0.1683
8761892e1ffffff,8761892e8ffffff,0.1580
8761892e1ffffff,876189255ffffff,0.1550
8761892e1ffffff,8761892ceffffff,0.1463
8761892e1ffffff,8761892e4ffffff,0.1421
8761892e1ffffff,8761892edffffff,0.1383
8761892e2ffffff,876189219ffffff,0.3536
8761892e2ffffff,8761892ecffffff,0.2462
8761892e2ffffff,87618920bffffff,0.2317
8761892e2ffffff,8761892e6ffffff,0.2061
8761892e2ffffff,8761892e9ffffff,0.1883
8761892e2ffffff,8761892ceffffff,0.1503
8761892e2ffffff,87618921bffffff,0.1421
8761892e2ffffff,8761892e4ffffff,0.1372
8761892e2ffffff,8761892e1ffffff,0.1273
8761892e2ffffff,876189254ffffff,0.1252
8761892e2ffffff,87618925cffffff,0.1194
8761892e2ffffff,8761892eeffffff,0.1149
8761892e3ffffff,8761892ecffffff,0.3637
8761892e3ffffff,876189219ffffff,0.2733
8761892e3ffffff,8761892e9ffffff,0.2637
8761892e3ffffff,87618920bffffff,0.2354
8761892e3ffffff,8761892eeffffff,0.1910
8761892e3ffffff,8761892e1ffffff,0.1864
8761892e3ffffff,8761892ceffffff,0.1834
8761892e3ffffff,87618925cffffff,0.1499
8761892e3ffffff,876189254ffffff,0.1425
8761892e3ffffff,8761892e6ffffff,0.1421
8761892e3ffffff,8761892e8ffffff,0.1383
8761892e3ffffff,8761892e4ffffff,0.1238
8761892e4ffffff,87618920bffffff,0.5128
8761892e4ffffff,8761892ecffffff,0.2530
8761892e4ffffff,876189254ffffff,0.2036
8761892e4ffffff,8761892e5ffffff,0.1839
8761892e4ffffff,8761892e9ffffff,0.1713
8761892e4ffffff,8761892e2ffffff,0.1675
8761892e4ffffff,87618925cffffff,0.1446
8761892e4ffffff,876189255ffffff,0.1336
8761892e4ffffff,8761892e1ffffff,0.1312
8761892e4ffffff,876189256ffffff,0.1226
8761892e4ffffff,876189208ffffff,0.1219
8761892e4ffffff,876189272ffffff,0.1162
8761892e5ffffff,8761892ecffffff,0.3749
8761892e5ffffff,876189219ffffff,0.3555
8761892e5ffffff,876189254ffffff,0.2664
8761892e5ffffff,8761892e9ffffff,0.2267
8761892e5ffffff,8761892e4ffffff,0.2069
8761892e5ffffff,87618925cffffff,0.1945
8761892e5ffffff,876189252ffffff,0.1910
8761892e5ffffff,8761892e1ffffff,0.1903
8761892e5ffffff,876189255ffffff,0.1791
8761892e5ffffff,8761892e2ffffff,0.1464
8761892e5ffffff,87618920affffff,0.1421
8761892e5ffffff,8761892e6ffffff,0.1379
8761892e6ffffff,87618920bffffff,0.3044
8761892e6ffffff,8761892e2ffffff,0.2517
8761892e6ffffff,8761892ecffffff,0.2190
8761892e6ffffff,8761892e9ffffff,0.1599
8761892e6ffffff,876189254ffffff,0.1430
8761892e6ffffff,8761892e5ffffff,0.1225
8761892e6ffffff,87618925cffffff,0.1180
8761892e6ffffff,8761892e1ffffff,0.1149
8761892e6ffffff,8761892ceffffff,0.1113
8761892e6ffffff,876189255ffffff,0.0999
8761892e6ffffff,8761892eeffffff,0.0886
8761892e6ffffff,8761892e0ffffff,0.0884
8761892e8ffffff,8761892ecffffff,0.5438
8761892e8ffffff,87618925cffffff,0.2325
8761892e8ffffff,8761892ceffffff,0.2029
8761892e8ffffff,8761892eeffffff,0.1910
8761892e8ffffff,87618920bffffff,0.1718
8761892e8ffffff,8761892c8ffffff,0.1631
8761892e8ffffff,876189219ffffff,0.1541
8761892e8ffffff,876189254ffffff,0.1463
8761892e8ffffff,8760145b0ffffff,0.1407
8761892e8ffffff,876189255ffffff,0.1327
8761892e8ffffff,8761892e1ffffff,0.1312
8761892e8ffffff,876189253ffffff,0.1267
8761892e9ffffff,8761892ecffffff,0.3750
8761892e9ffffff,87618925cffffff,0.2675
8761892e9ffffff,8760145b0ffffff,0.2084
8761892e9ffffff,8761892ceffffff,0.1763
8761892e9ffffff,8760145b5ffffff,0.1704
8761892e9ffffff,8761892c8ffffff,0.1605
8761892e9ffffff,87618925effffff,0.1408
8761892e9ffffff,87618920bffffff,0.1368
8761892e9ffffff,87618925dffffff,0.1356
8761892e9ffffff,876189254ffffff,0.1308
8761892e9ffffff,876189255ffffff,0.1286
8761892e9ffffff,876189258ffffff,0.1230
8761892ebffffff,8761892ecffffff,0.3266
8761892ebffffff,8761892ceffffff,0.2665
8761892ebffffff,8761892c8ffffff,0.2414
8761892ebffffff,87618925cffffff,0.1880
8761892ebffffff,8760145b0ffffff,0.1825
8761892ebffffff,8761892ccffffff,0.1571
8761892ebffffff,8761892eeffffff,0.1312
8761892ebffffff,8760145b5ffffff,0.1278
8761892ebffffff,87618920bffffff,0.1272
8761892ebffffff,8761892cdffffff,0.1269
8761892ebffffff,876189219ffffff,0.1224
8761892ebffffff,876189254ffffff,0.1087
8761892ecffffff,8761892e9ffffff,0.4514
8761892ecffffff,87618925cffffff,0.2687
8761892ecffffff,87618920bffffff,0.2430
8761892ecffffff,8761892edffffff,0.2299
8761892ecffffff,8761892e8ffffff,0.2291
8761892ecffffff,876189254ffffff,0.2060
8761892ecffffff,876189219ffffff,0.1941
8761892ecffffff,876189255ffffff,0.1783
8761892ecffffff,8761892ceffffff,0.1510
8761892ecffffff,87618925effffff,0.1415
8761892ecffffff,87618925affffff,0.1384
8761892ecffffff,8761892ebffffff,0.1376
8761892edffffff,8761892ecffffff,0.5458
8761892edffffff,87618925cffffff,0.3514
8761892edffffff,87618925effffff,0.2071
8761892edffffff,876189253ffffff,0.1903
8761892edffffff,876189254ffffff,0.1833
8761892edffffff,87618920bffffff,0.1813
8761892edffffff,876189255ffffff,0.1811
8761892edffffff,87618925dffffff,0.1567
8761892edffffff,876189219ffffff,0.1438
8761892edffffff,8761892ceffffff,0.1426
8761892edffffff,876189258ffffff,0.1415
8761892edffffff,876189251ffffff,0.1408
8761892eeffffff,8761892e9ffffff,0.3953
8761892eeffffff,8761892e8ffffff,0.2299
8761892eeffffff,87618920bffffff,0.2095
8761892eeffffff,8761892ceffffff,0.2061
8761892eeffffff,876189219ffffff,0.2040
8761892eeffffff,87618925cffffff,0.1887
8761892eeffffff,8761892ebffffff,0.1580
8761892eeffffff,8761892edffffff,0.1532
8761892eeffffff,8761892e2ffffff,0.1520
8761892eeffffff,876189254ffffff,0.1510
8761892eeffffff,8761892c8ffffff,0.1451
8761892eeffffff,876189255ffffff,0.1253
8761892f1ffffff,876189219ffffff,0.2648
8761892f1ffffff,8761892ecffffff,0.1804
8761892f1ffffff,87618920bffffff,0.1628
8761892f1ffffff,8761892ceffffff,0.1587
8761892f1ffffff,8761892e9ffffff,0.1566
8761892f1ffffff,8761892e6ffffff,0.1372
8761892f1ffffff,87618921bffffff,0.1238
8761892f1ffffff,87618925cffffff,0.0952
8761892f1ffffff,8761892c8ffffff,0.0949
8761892f1ffffff,876189254ffffff,0.0934
8761892f1ffffff,8761892e4ffffff,0.0912
8761892f1ffffff,8761892eeffffff,0.0862
8761892f5ffffff,876189219ffffff,0.3920
8761892f5ffffff,87618921bffffff,0.2061
8761892f5ffffff,8761892e6ffffff,0.2019
8761892f5ffffff,87618920bffffff,0.2014
8761892f5ffffff,8761892ecffffff,0.1750
8761892f5ffffff,8761892e9ffffff,0.1412
8761892f5ffffff,876189218ffffff,0.1238
8761892f5ffffff,8761892e4ffffff,0.1199
8761892f5ffffff,8761892ceffffff,0.1197
8761892f5ffffff,876189254ffffff,0.1054
8761892f5ffffff,87618925cffffff,0.0963
8761892f5ffffff,87618921dffffff,0.0927
